Ally Financial,3608-2596-5394-1054,216-82-1048
BB&T,3608-1721-4951-1198,116-81-1883
BBVA Compass,3608-1395-5632-1976,224-25-1891
BBVA Compass,3608-1721-4005-1322,116-51-1291
BBVA Compass,3608-2181-5724-1476,144-25-1448
BBVA Compass,3608-2596-5634-1497,224-99-1262
BMO Harris Bank,3608-1721-4236-1828,279-81-1912
BNP Paribas,3608-2181-5030-1465,216-51-1025
Fifth Third Bank,3608-1782-5015-1001,429-83-1156
Citizens Financial Group,3608-2181-4711-1693,177-44-1054
Comerica,3608-1333-4580-1185,216-85-1367
Comerica,3608-2596-5551-1572,116-93-1394
Deutsche Bank,3608-1782-5551-1837,339-74-1545
Discover Financial,3608-1395-4951-1668,116-51-1291
Fifth Third Bank,3608-1782-4458-1383,166-82-1605
First Republic Bank,3608-1682-4160-1476,425-82-1851
First Republic Bank,3608-2596-5696-1134,429-83-1156
JPMorgan Chase,3608-1782-5890-1999,287-74-1145
JPMorgan Chase,3608-2067-5766-1056,177-23-1359
JPMorgan Chase,3608-2181-5988-1718,116-54-1259
JPMorgan Chase,3608-2751-4236-1394,320-54-1856
MUFG Union Bank,3608-2800-5459-1497,144-54-1840
New York Community Bancorp,3608-2968-5745-1804,323-51-1535
Popular. Inc.,3608-1333-4394-1935,177-44-1159
Popular. Inc.,3608-1721-5632-1589,224-55-1496
Popular. Inc.,3608-2800-5551-1351,279-81-1912
Santander Bank,3608-1395-5691-1428,301-25-1394
Signature Bank,3608-2588-5394-1381,216-82-1048
Signature Bank,3608-2751-5015-1278,224-55-1496
SunTrust Banks,3608-1682-5152-1053,339-74-1545
MUFG Union Bank,3608-1782-4038-1052,238-81-1227
U.S. Bancorp,3608-1192-5884-1614,391-55-1442
U.S. Bancorp,3608-1333-4005-1623,177-44-1054
U.S. Bancorp,3608-2067-5394-1306,216-85-1367
U.S. Bancorp,3608-2181-4288-1394,381-54-1605
USAA,3608-1782-5791-1558,368-83-1054
Wells Fargo,3608-1782-5030-1572,339-82-1442
Wells Fargo,3608-2588-5988-1551,144-25-1448